{
  "archivo_imagen": "clasificacion_20250903_170224_1.jpg",
  "tipo_analisis": "clasificacion_defectos",
  "timestamp_captura": "20250903_170224",
  "clasificacion": {
    "clase": "Aceptado",
    "confianza": 1.0,
    "tiempo_inferencia": 43.93911361694336
  },
  "tiempos": {
    "captura_ms": 0.13446807861328125,
    "clasificacion_ms": 43.98345947265625,
    "deteccion_piezas_ms": 67.28768348693848,
    "deteccion_defectos_ms": 66.96820259094238,
    "total_ms": 178.9536476135254
  },
  "modelo": "CopleClasDef2C1V.onnx",
  "resolucion": {
    "ancho": 640,
    "alto": 640,
    "canales": 3
  }
}