{
  "archivo_imagen": "clasificacion_20250904_173906_1.jpg",
  "tipo_analisis": "clasificacion_defectos",
  "timestamp_captura": "20250904_173906",
  "clasificacion": {
    "clase": "Aceptado",
    "confianza": 1.0,
    "tiempo_inferencia": 82.59296417236328
  },
  "tiempos": {
    "captura_ms": 0.1647472381591797,
    "clasificacion_ms": 82.64684677124023,
    "deteccion_piezas_ms": 101.14765167236328,
    "deteccion_defectos_ms": 191.41411781311035,
    "segmentacion_defectos_ms": 160.28475761413574,
    "segmentacion_piezas_ms": 210.0522518157959,
    "total_ms": 957.2727680206299
  },
  "modelo": "CopleClasDef2C1V.onnx",
  "resolucion": {
    "ancho": 640,
    "alto": 640,
    "canales": 3
  }
}