{
  "archivo_imagen": "clasificacion_20250903_140957_1.jpg",
  "tipo_analisis": "clasificacion_defectos",
  "timestamp_captura": "20250903_140957",
  "clasificacion": {
    "clase": "Aceptado",
    "confianza": 1.0,
    "tiempo_inferencia": 75.45685768127441
  },
  "tiempos": {
    "captura_ms": 0.2989768981933594,
    "clasificacion_ms": 75.73914527893066,
    "deteccion_piezas_ms": 105.44252395629883,
    "deteccion_defectos_ms": 129.09650802612305,
    "total_ms": 311.72847747802734
  },
  "modelo": "CopleClasDef2C1V.onnx",
  "resolucion": {
    "ancho": 640,
    "alto": 640,
    "canales": 3
  }
}